Q1,Q2,Q3,Q4,Q5,Q6,Q7,Q8,Q9,Q10,Q11,Q12,Q13,Q14,Q15,Q16,Q17,Q18,Q19,Q20,Q21,Q22,Q23,Q24,Q25,Q26,Q27,Q28,Q29,Q30,Q31,Q32,Q33,Q34,Q35,Q36,Q37,Q38,Q39,Q40,Q41,Q42,Q43,Q44,song1,song2,song3,song4,song5,song6,song7,song8,song9,song10,song11,song12,song13,song14,song15,song16,song17,song18,song19,song20
4,2,2,1,3,3,5,4,5,4,2,2,3,2,3,4,4,2,2,3,2,5,3,4,3,3,1,2,1,3,2,5,2,4,3,2,2,3,1,3,4,5,4,4,7jk7gqyEonmVVYahZN5zhW,0o9MIPIGM8svRpfdQGTvUX,7yfg0Eer6UZZt5tZ1XdsWz,0k5hoseEJnCAbpRh38dNoI,2il9NDpW87Hk2L9AjeDf8r,5b7OgznPJJr1vHNYGyvxau,6YTp4sUEi3oWNToQvOjke6,2bJvI42r8EF3wxjOuDav4r,7tpRgru0h8B4eCvdBegLTA,23L5CiUhw2jV1OIMwthR3S,0YHI5hydPPth6J5UOzdLDX,2dFUtZtpWydAU4QMmUOK47,5MHYkxRxkk3OUgdJHwm3rG,07MDkzWARZaLEdKxo6yArG,2GSLoT7abyYGchSSDCpWEI,6MowG7MRVgPfGlCMsXKMJ2,2aoo2jlRnM3A0NyLQqMN2f,6fNd6OkGoACwHtAnf2wslm,1jNuMTWsvFvPMwyJcb30FF,07tbYac108weqzeP7Bhwon
3,5,3,4,2,4,2,4,3,1,1,4,2,3,1,1,2,3,2,2,4,1,4,3,1,3,4,2,4,1,3,2,3,2,4,2,5,2,2,1,5,2,3,2,0YHI5hydPPth6J5UOzdLDX,1VdZ0vKfR5jneCmWIUAMxK,2tY1gxCKslfXLFpFofYmJQ,4WIaDYUIlXsHi4yMF596aI,2bRKxuH1o7pTmb1y4GfdEc,1Mf27cnAF1Q6Ko83XTM5d1,5qII2n90lVdPDcgXEEVHNy,6KLeHx8RVLxmjp7IhieSsH,3dz63QjQVZy7RYPzx6l3JU,0glkts20NpDPX8sZEQpctJ,3NJzkMApQqAudLSgYb5Bz2,0GegHVxeozw3rdjte45Bfx,5TxRUOsGeWeRl3xOML59Ai,4RmMhIXDNqtZ9xDrUCpn5w,3KbFtYPyVP6C7BQVgH2cCf,0K9q7Z82z3BygBWznLCqXL,0TxOB9JSgYXjPVR6uWAyfM,4edtsBlaX23OPYmhA4R0GP,31Z75ehoSqIwC1bsRESbKM,53UA5GvWOP4FFW6XrcRT4B
4,2,3,1,3,1,3,2,4,3,5,3,3,1,3,5,3,1,2,4,1,2,3,5,4,4,4,3,2,3,1,2,4,4,1,5,2,5,2,5,3,4,3,5,2S8UMuLJ0z8agFgFGJ6Ztt,3S4px9f4lceWdKf0gWciFu,3OrRT1vFUUWOIzRtwSzib5,0n2pjCIMKwHSXoYfEbYMfX,0bRXwKfigvpKZUurwqAlEh,6hW68oLu3zVoDw0GBwGKHs,6akwM3md7dzP2LkK8pKk6d,3PTMcrpi5tbHzc8xxOZ8lG,7ivYWXqrPLs66YwakDuSim,2BOqDYLOJBiMOXShCV1neZ,0nrRP2bk19rLc0orkWPQk2,6ujkVvJAlQ39Ra0E2tKx8M,0hJkej8ay0enKQRgN2mUpn,4h4QlmocP3IuwYEj2j14p8,0bYg9bo50gSsH3LtXe2SQn,6zDClvK9B4y3FEciNRqhR1,72yP0DUlWPyH8P7IoxskwN,0DILU9jjSTnCv1dcbUH3ib,3rJDsZjIaCfJQSqRUvl0BM,7kUljt0NM5sISL3OGNVxYd
2,4,1,5,3,4,1,5,2,3,2,4,2,5,4,1,2,4,4,2,5,2,4,1,4,2,4,1,4,3,4,1,2,1,5,1,4,2,5,4,3,2,5,4,5Z3GHaZ6ec9bsiI5BenrbY,45bE4HXI0AwGZXfZtMp8JR,6QgjcU0zLnzq5OrUoSZ3OK,1AAWVRwxNvVaUWV0dMtx5g,0lHAMNU8RGiIObScrsRgmP,2Z8GXdU7HJ17x2lJBnspJy,4NBTZtAt1F13VvlSKe6KTl,3GCdLUSnKSMJhs4Tj6CV3s,4nVBt6MZDDP6tRVdQTgxJg,40XeGNGFchGYw7y0ue1GiG,5O9Dz0h08LuBi0aVvDcylh,12j5ByuhjK6vsb0vJS1cwM,5gOd6zDC8vhlYjqbQdJVWP,6PwjJ58I4t7Mae9xfZ9l9v,7DwcBgdzqhFJltEaV1XF81,6YH2RAfxLtO6UVfsv2LF1D,2xMvDsq9CzHSAbytPmZawf,27NovPIUIRrOZoCHxABJwK,13CVSGLSFl4UxpDVR6u3dq,2wHA4yJKT8TJhGz20QxUqX
4,2,2,2,4,3,4,3,2,5,5,2,2,2,4,4,2,4,4,4,1,4,4,3,5,4,2,3,4,5,2,2,3,4,1,3,2,3,2,5,1,4,3,4,3g0mEQx3NTanacLseoP0Gw,6lOWoTqVnAWXchddtTH31W,6cXrFTx5N4IM5tVffUwzGI,0mEFqF30sAoUNKBgCQcsn0,53yTYusPQJ1AApL1hi0Dnc,5yDX0yhtLyf0zEXEqXqyAa,4OxXBAN51tjVBEjSwuWWbv,2xa9PoO42d7VjT0KqG5d3I,6GG73Jik4jUlQCkKg9JuGO,0glkts20NpDPX8sZEQpctJ,0PvFJmanyNQMseIFrU708S,0JbSghVDghtFEurrSO8JrC,6MfOFYmw1TD9QDFSu0TEN1,5ubHAQtKuFfiG4FXfLP804,1dytORtqcfaRkTqPyH2iQy,7pkpdj7AWQjujxxe38WF8f,2ownDSIYHvydbtauGZW4ln,6KfoDhO4XUWSbnyKjNp9c4,0FTfaxNtqgYbqPPcrWQ1IS,6vw19kuwAdGOIVKkP2zHiC
4,1,2,2,3,2,4,2,5,4,3,2,4,2,2,3,4,4,2,2,3,5,4,5,4,4,1,3,1,2,2,5,4,5,4,3,2,3,2,3,2,4,4,2,48wH8bAxvBJO2l14GmNLz7,5Z0w9NP8ozLqZj4Mn3srKn,23oxJmDc1V9uLUSmN2LIvx,0g2Bbgy7P41pFjMWJuzsf4,62aP9fBQKYKxi7PDXwcUAS,29d0nY7TzCoi22XBqDQkiP,6LvHrLiW1z8PS7MIAiufKg,5VlojXyAGM1q9ke2ybxrVT,3TwtrR1yNLY1PMPsrGQpOp,7qPYC9z7FSJIjDc3V2tBix,3g36KmRGI8hmnCcTFak4Wn,1PckUlxKqWQs3RlWXVBLw3,0xPcT6j7JFdJjRvQelyGr6,3KkXRkHbMCARz0aVfEt68P,2H8X6O7avO1d8LKKhu8I1t,4OLVK3kktkdLPp8dDgoCtb,2Snb5YK6eYhynfW11g0cwx,3uUuGVFu1V7jTQL60S1r8z,0xPcT6j7JFdJjRvQelyGr6,0znCw9dSfsrBGUtxAzd9kD
1,5,3,4,2,5,1,2,2,1,1,4,3,2,1,1,2,4,2,1,3,1,4,2,2,3,4,4,2,2,3,1,4,3,4,3,4,3,2,1,5,2,4,1,3QGsuHI8jO1Rx4JWLUh9jd,4cOdK2wGLETKBW3PvgPWqT,18uUfCvm27d23lHqjIZTn0,1suqXPrYygZ7BYiSfaVZE4,1Mf27cnAF1Q6Ko83XTM5d1,6XgwPf0cqjySCMsOmQq4t6,3U4isOIWM3VvDubwSI3y7a,1TQXIltqoZ5XXyfCbAeSQQ,0b11D9D0hMOYCIMN3OKreM,6Pgkp4qUoTmJIPn7ReaGxL,2azSWx28rTlD4Di9cbGwQT,2PIlBukQ6limukVR8Ubb5o,0sKEilrw1GrBlG6qsTCrP4,53yTYusPQJ1AApL1hi0Dnc,0oA9wBGDY4uyILLg4GymWP,3WxmlTZ85sCYFnuIXmUAEe,7KXVIAuw3m2hxZanrpSXS3,4WIaDYUIlXsHi4yMF596aI,0n2pjCIMKwHSXoYfEbYMfX,3eDX2SnjVRG9hh0v074eEO
4,3,3,1,4,1,2,2,5,5,5,4,5,2,3,4,3,2,1,4,2,2,3,5,3,4,2,3,1,5,2,2,3,4,2,5,4,3,2,3,1,4,3,3,055360csWJbFFGCLNxaTkx,70LcF31zb1H0PyJoS1Sx1r,5b7OgznPJJr1vHNYGyvxau,1AAWVRwxNvVaUWV0dMtx5g,4DJLcyfnyEGlUejAEAX4az,0g2Bbgy7P41pFjMWJuzsf4,52ZAsLhFwhCZsExUpSdG5H,7pnQ23WgZca9jEfMts9qsR,7H7NyZ3G075GqPx2evsfeb,500mvzh7TRZ0YdnVeHhj8b,0UKzG4fJ1LXf6DInew5vcV,0SuLAslEMFZAXf0SwY7syi,7xXUNbWepi09rzwW1Il61B,0Ipbnpn89nxSZQDb8wbeTc,7aQjPecQdIuNd1sz3KCDhD,12sjKNSed91fDBZgxle2P2,1V27TTo9FI2sl8xzGr3sCg,1is8gU4RVcN4J8xItxWoOY,44V6EzbUSYgyfsNiP0FrlA,4hcEsAXv3vAcUsRT4Tgd1H
1,4,2,5,4,4,1,5,2,3,2,5,2,4,2,2,2,5,4,3,4,2,5,1,2,1,4,1,5,3,5,1,1,2,5,2,4,1,4,2,5,2,3,2,6waqLPcT6ruMhmd36OhmFO,6jRq8gaZhMUyy5RclRPcAf,0c3pAQGKjwHKo9ilC8i8c5,0Nr2vFKsz207NQY0LP7IvV,5Il6Oe7lr5XM7A0cWbVQtr,7gCuKTyBb5nurNalzs0Hvp,5FgPwJ7Nh2FVmIXviKl2VF,53NdGSkWOWlUxgiIiIWRGs,6YTp4sUEi3oWNToQvOjke6,4R8BJggjosTswLxtkw8V7P,06gD2ZtK3Dzc1BYqWExQJJ,4llK75pXNWZz6KAho2Gp16,5arVt2Wg0zbiWwAOZef2Nl,0wicJTv0Jv3xLp37FLb8Eh,2UikqkwBv7aIvlixeVXHWt,3c9LVPh3MpeFoaAL5DBDK5,27u7t9d7ZQoyjsCROHuZJ3,51H2y6YrNNXcy3dfc3qSbA,1STzQvlMovhX8WOn8TcKmZ,32JjV3SGfm0fUGr1GUUkIO
4,4,4,2,4,2,4,4,4,4,3,3,2,3,4,3,2,2,4,5,3,2,2,3,4,4,2,4,3,4,2,2,3,5,2,5,3,2,4,5,1,3,3,4,52XDumqYDUXX16R7FM5fpV,6xt95LFkU8fAQr3CK4lpC9,04J03yanQCmSuigan5Y0cM,4imwzUUGEzzHyyfjeBSwd3,7888F1QWPTn4cPbuknNV4T,2YlZnw2ikdb837oKMKjBkW,6M14BiCN00nOsba4JaYsHW,3J8EOeKLTLXORtWPpOU5bE,6XRMWXhoKNHMaN2nepsarZ,21NeQgKhabORuZ3pfsPfz5,0RUGuh2uSNFJpGMSsD1F5C,6kgQgyqTTqYS6Kzr1G4I79,1lHvN5tHUffp7gM9AzO0wO,2rtGaCAeYtmcIvuZsvgTf6,0j2T0R9dR9qdJYsB7ciXhf,3JvrhDOgAt6p7K8mDyZwRd,5yDX0yhtLyf0zEXEqXqyAa,7DnAm9FOTWE3cUvso43HhI,0110a0AM2nOV8yYa9u6kjQ,71X7bPDljJHrmEGYCe7kQ8
3,1,4,2,2,4,4,3,4,2,3,1,2,1,3,4,5,4,2,4,3,4,4,5,3,4,2,4,2,4,2,5,2,5,4,4,2,4,1,3,3,5,3,2,2R5iTxkCln6NLTw6l0kjWw,7888F1QWPTn4cPbuknNV4T,03mMSLEJCPoGJwQhHpN5y0,3azJifCSqg9fRij2yKIbWz,0bRXwKfigvpKZUurwqAlEh,3I56OBwJkDAyt9L00c8ois,2oUOH2tCU4kKpooynVfS36,69HzZ3ti9DLwb0GdWCGYSo,52ZAsLhFwhCZsExUpSdG5H,1xaTREM89RbIxkcjlpf4Uw,3ZCTVFBt2Brf31RLEnCkWJ,1NrJYpdAi7uosDRPmSYrsG,1vH0rtYttqXXR4a8LCElBA,4CwpuCZcK6Vym6BZd8Pgfe,0PKAijroHpnEtdY20bkGdr,6S9tXDdMzrT8LEk1A8enKF,2Dv7PTwSoB17f3VFDIKw8m,63OC8cNa4ZnFB3bbvbWCOc,7rl1z4j7MurMDnn9rHh4M2,0ll8uFnc0nANY35E0Lfxvg
2,4,3,4,2,4,1,2,4,2,2,4,3,4,2,1,1,2,4,2,5,2,4,2,2,3,5,4,3,2,4,2,3,4,5,1,5,2,2,1,4,1,2,1,4cOdK2wGLETKBW3PvgPWqT,083lOftWDnrpSSL7u9p53d,1suqXPrYygZ7BYiSfaVZE4,1Etp6DlUsn2P5im8f7J9HP,6jRq8gaZhMUyy5RclRPcAf,6MpCaSIOfqBqbMED4kXgNY,4FYqw2BFGGXKmXgcFizzgw,5nujrmhLynf4yMoMtj8AQF,0uth6JMSGzbmREU9esuWX5,0VgkVdmE4gld66l8iyGjgx,1LeItUMezKA1HdCHxYICed,0g2Bbgy7P41pFjMWJuzsf4,6QeYSvYqYUsfBzsApbjDHO,7aQjPecQdIuNd1sz3KCDhD,0XPsOSYzDJZJArevQNm2AR,7rNeFCvNVncKXbLtF7PiyE,53QF56cjZA9RTuuMZDrSA6,0fv2KH6hac06J86hBUTcSf,1xyUCr7dIJYaUaaiDf4Q1L,5ITmuvjtUUdxVQCCsaKBDx
4,4,5,2,4,1,4,1,5,5,4,3,3,2,4,5,2,3,1,5,1,2,1,5,3,4,2,3,1,5,2,2,5,4,2,5,4,4,2,3,3,2,1,4,12j5ByuhjK6vsb0vJS1cwM,0lUdYoSr8Hm3GL0HZld4ac,6O6HjqHUhDvh2a1T5NXNRJ,3yYfoYGVpriV4fG9L1ogsD,0FzEq5yepkq03NI8axcOBu,4ka1FkKAMde6dQAFFMXKac,3cU2wBxuV6nFiuf6PJZNlC,2nG54Y4a3sH9YpfxMolOyi,6AOrC7t2WS5ykYcnoHpiS2,0REv856zadB0e8IM1brlwr,4NBTZtAt1F13VvlSKe6KTl,5lRzWDEe7UuedU2QPsFg0K,7oekneJCJO74ycdLzdk16v,34f6sZPLPVsGwgBOrW3iLu,5FgPwJ7Nh2FVmIXviKl2VF,2IDBh3Nuej2wFUk2JmWEmQ,40YcuQysJ0KlGQTeGUosTC,0xEW9gPv5wNuS84pXGG3lc,0j2T0R9dR9qdJYsB7ciXhf,6qDn31ZnvqrPfEGsgvtMll
1,5,1,5,2,5,1,5,1,4,1,5,2,5,2,1,1,3,5,4,5,2,5,1,4,1,4,1,5,3,5,1,1,1,5,2,5,1,4,4,5,1,3,2,6D7Y1ifRZYfqaTvffJ2zGT,00uQmNrZeOgsIMwYwHvJec,07XaOyTS5hyaWiUK1Bc3bR,0o9MIPIGM8svRpfdQGTvUX,2tY1gxCKslfXLFpFofYmJQ,66YtIqT0kN4958EXnCnAmE,6TbkMxKZudkP6Sty7rkLU9,27NovPIUIRrOZoCHxABJwK,6M2UnI1LnXuXlWU54CKmKx,5o9iQVktO08gIlRAHqqxtj,7rdGrVIoqwPWOULauvglio,2MFFrpPKrGnyJuVjcfdm4w,5MAK1nd8R6PWnle1Q1WJvh,5i7fZq3chLyCHo3VeB6goD,5MHYkxRxkk3OUgdJHwm3rG,1hGy2eLcmC8eKx7qr1tOqx,5Az8KU81g2aLBbJN67F2CI,3yOlyBJuViE2YSGn3nVE1K,1bpdLkA2MDdMAx043uDIQM,1rDQ4oMwGJI7B4tovsBOxc
5,3,2,2,4,1,3,4,4,4,4,3,2,3,4,5,2,4,4,5,3,2,4,5,4,3,2,4,2,4,3,3,3,4,2,4,2,3,3,4,2,3,3,4,5BArc3UpONi77FMkNT4LYU,7tEw92LHeMiwnp3eqpmiWL,18asYwWugKjjsihZ0YvRxO,6TEftSkmWdTm1EpThnwqh6,1IT0WQk5J8NsaeII8ktdlZ,2WzAAerBvZvvFXgUpSwHZ9,6kWJvPfC4DgUpRsXKNa9z9,6Z8R6UsFuGXGtiIxiD8ISb,4fkM7M4Uo5AUASnnsRC7EZ,5wA5mA9v9lPxAaSg1FagG6,0umRfhrhFEz9jkEMTrUSkQ,6lOWoTqVnAWXchddtTH31W,3Nyj8b7hky5EMf1RK8NdIy,1VLtjHwRWOVJiE5Py7JxoQ,1dg3qy5DjoJodawfOCgrTP,4eAwB5pnKFTmsgc3zWoYO0,3QyPsavxL681NX7SPVGd5T,7hO26kUjdOdv8H7cDc4zdg,3GCdLUSnKSMJhs4Tj6CV3s,3GXfmj8VI55reLE5aLl1sK
4,2,3,2,2,4,5,4,5,2,3,1,3,1,2,4,4,3,1,4,3,4,3,4,4,4,1,3,2,4,4,5,4,4,2,4,1,2,1,3,2,4,4,4,4f3RDq9nYPBeR1yMSgnmBm,4tHqQMWSqmL6YjXwsqthDI,59CfNbkERJ3NoTXDvoURjj,4YaNLEPw3MrIgkGOkBrAh2,2ihCaVdNZmnHZWt0fvAM7B,4Li2WHPkuyCdtmokzW2007,0mBKv9DkYfQHjdMcw2jdyI,2cYqizR4lgvp4Qu6IQ3qGN,7bL7jrv7ZOlSotkWa7UNuR,3DamFFqW32WihKkTVlwTYQ,1BSMpVGWs3v5BZKnAQziAc,3g36KmRGI8hmnCcTFak4Wn,6kxaaIeowajN7w21PfMLbu,04aAxqtGp5pv12UXAg4pkq,1yqMgZNrevsWMLWfO2PRp5,6s4GofGhKdeKJPFJuLGtBB,63rbP24OzfaQCJjsHWZXnY,6mQLN3zRtAp6ovjusyYKrV,4pQx6sW5j6Hi6QD3HZkvQ4,7qvxFz3JodM0A7xEM7k3YD
3,5,3,4,1,5,2,4,2,1,3,4,2,3,1,2,1,3,4,2,4,2,4,3,2,3,5,4,3,1,3,1,2,3,4,3,4,2,2,1,5,2,4,1,1VKPiQJnV15flF5B3zeocD,3cBsEDNhFI9E82vPj3kvi3,6XRMWXhoKNHMaN2nepsarZ,2tY1gxCKslfXLFpFofYmJQ,17FK4etx1u2NK60cptINMS,79EkGysjP2dL5GdpeQjRxT,1r3qUIDhMvoTct7cxPnbdN,2enPRFda84VE2wtI8c86Uf,0zMAvsQmaQ4DGsmXtKixpn,4FYWOYqOF9lbb1JcZFDT67,0c3pAQGKjwHKo9ilC8i8c5,6IBcOGPsniK3Pso1wHIhew,5arVt2Wg0zbiWwAOZef2Nl,500mvzh7TRZ0YdnVeHhj8b,2VGs7EmaIxq96Wcog6DQOc,3Nyj8b7hky5EMf1RK8NdIy,2tY1gxCKslfXLFpFofYmJQ,4kvXDv7fE6P4p9lcLO8x6z,6VrCmhRBFnuGKmtNfk4jDs,7795WJLVKJoAyVoOtCWqXN
5,2,4,2,5,1,4,3,4,3,4,3,5,2,4,4,4,1,2,3,1,4,3,5,5,5,3,3,1,3,2,2,4,4,3,4,2,5,1,5,1,2,2,3,6O6HjqHUhDvh2a1T5NXNRJ,4CEEBr79p52p9U7mkBfzUy,0FzEq5yepkq03NI8axcOBu,1Cv1YLb4q0RzL6pybtaMLo,3sOGVdj5VPY6C2XImtlzj7,53yTYusPQJ1AApL1hi0Dnc,6LvHrLiW1z8PS7MIAiufKg,2bU8g0i059E65AewlJSf3X,3OjNkFFZavF89xvRqWCXmU,7AzlLxHn24DxjgQX73F9fU,3SoXYY9o5Kzr8yVsGQ2QjI,0aZJGkkXR3DgaFqo5sB8ot,4tHqQMWSqmL6YjXwsqthDI,6OJemp4sHmpogO2ieTATsq,0FDzzruyVECATHXKHFs9eJ,7gn0MfkV4ZuMkqbPlmhIlx,2hBBaxbu7oZQSW2wEJmIeJ,1lsBTdE6MGsKeZCD6llNu7,2kJwzbxV2ppxnQoYw4GLBZ,2ePtv8MlBO9nuuXABqAfEX
2,4,1,5,4,4,1,4,2,4,1,5,1,5,3,1,1,3,5,4,5,1,3,1,2,2,4,1,4,3,5,1,1,2,3,2,4,2,4,3,4,1,3,3,6Hp57iv0VLGgmWyOFx8iUm,6D7Y1ifRZYfqaTvffJ2zGT,6d2N6I8oVunoWKjjRqbxTq,0lHAMNU8RGiIObScrsRgmP,52okn5MNA47tk87PeZJLEL,0rmGAIH9LNJewFw7nKzZnc,4FYWOYqOF9lbb1JcZFDT67,4dASQiO1Eoo3RJvt74FtXB,1e5ha2rmASdXLupWKEhzHp,22vgEDb5hykfaTwLuskFGD,0M1A9wInEHilyWkh4I8tWo,3lsaCXY238dhR9GW9DEV5e,1Xi84slp6FryDSCbzq4UCD,7BB3emVX0QaFVddCHiO9wt,3LmtJA1SkktLzb3i2bbwjl,1FdbP9ZAcqQnOcda55boaL,69vToJ9BMbbLlFZo7k7A7B,7vRriwrloYVaoAe3a9wJHe,3qfyXBGSnBMWTBCmOYeSw6,4cOdK2wGLETKBW3PvgPWqT
3,3,4,4,5,2,4,4,3,4,4,3,4,2,4,5,2,3,4,5,1,2,3,3,5,5,2,4,2,4,2,2,3,5,2,3,3,2,2,5,1,4,4,5,2ySPkHH3mHCP3r3T040M5V,4tHqQMWSqmL6YjXwsqthDI,1Cv1YLb4q0RzL6pybtaMLo,6lOWoTqVnAWXchddtTH31W,3G2O60rq5a77GEIwK1mVmh,0ifc4mq2mVNefgQFmtXQpt,3bUiIyUHdINOcoeJIpSNpY,5Nm9ERjJZ5oyfXZTECKmRt,1bFTbcaNB7jkJEErnmSxdb,17S4XrLvF5jlGvGCJHgF51,6HAprTq1UjADYOSubbESga,5Y6nVaayzitvsD5F7nr3DV,5LyRtsQLhcXmy50VXhQXXS,0OXzyIutbMk24FfWmZqrzw,3z9OnsnvM6SFN2dzrSDdVO,1fkjRQA8wXPPyxqYLbxuqy,1hGy2eLcmC8eKx7qr1tOqx,0k1WUmIRnG3xU6fvvDVfRG,0Kwg1epDRFLyXFq09t7MtB,34DHNZGOXmfxJM68wMWa8V
5,3,2,2,1,3,4,2,3,1,5,4,4,2,2,2,2,1,4,1,3,4,4,5,1,1,1,1,5,2,5,1,4,5,3,2,1,2,5,1,1,4,1,5,75skIb9VUwR5nyjFDcE1qQ,3OF5mCJ8aRRIzyE49c9x6x,4vsAUbPb6q9FpC4AGBFdVh,6ic8OlLUNEATToEFU3xmaH,1mo6pWcIXljy3y1Kju5JWG,5MHYkxRxkk3OUgdJHwm3rG,45zotayJfPuVrGN6L7TmZh,3yOlyBJuViE2YSGn3nVE1K,0WWaiEmMUnipttB7En6d9w,5Il6Oe7lr5XM7A0cWbVQtr,23L5CiUhw2jV1OIMwthR3S,4wBjKhJx6JnGoNJfJs24pd,3GXfmj8VI55reLE5aLl1sK,7szuecWAPwGoV1e5vGu8tl,07mRDnzj5Qf28Drc6fXZl8,65GbQI9VDTs7vo6MJL2iJA,14DHQhxhnDnYMi4o4ABfHu,73B1hH8CzvGGq4hnEvmPTl,4B1rpPmQXwj78wk6aIGwwU,7j31rVgGX9Q2blT92VBEA0
5,1,2,2,4,2,2,2,1,1,1,2,2,2,5,4,4,1,5,1,4,2,4,1,3,3,3,1,3,1,1,5,5,1,2,5,1,2,2,2,3,2,2,2,1mo6pWcIXljy3y1Kju5JWG,0CokSRCu5hZgPxcZBaEzVE,6kWJvPfC4DgUpRsXKNa9z9,3XBMJF4N7ZdZrK30oGCxpN,6L5oimyAoXuIb1GL10Oloh,31Z75ehoSqIwC1bsRESbKM,6fuA28tFxMmsx7bmB1bsw4,2P91MQbaiQOfbiz9VqhqKQ,54OBgO0Xwu20Jak9TMXbR7,6gBFPUFcJLzWGx4lenP6h2,1yTTMcUhL7rtz08Dsgb7Qb,4B0JvthVoAAuygILe3n4Bs,0110a0AM2nOV8yYa9u6kjQ,0glkts20NpDPX8sZEQpctJ,1UeEULIBhrFzy8WhI3FrMF,3Pm4fZwIDkykbdehoXqP9d,72yP0DUlWPyH8P7IoxskwN,4btFHqumCO31GksfuBLLv3,0zMAvsQmaQ4DGsmXtKixpn,7lQ8MOhq6IN2w8EYcFNSUk
4,4,3,5,2,1,5,3,1,2,2,5,2,2,5,2,4,2,2,3,2,1,3,3,2,2,1,5,5,2,3,4,3,2,3,2,5,2,5,3,4,3,2,5,37sINbJZcFdHFAsVNsPq1i,4RY96Asd9IefaL3X4LOLZ8,1LFPoKlFMvOmIeX8MTryvl,3dVsUkabHea7AVFjm92gZ4,3MrWxJaD2AT0W9DjWF64Vm,7L3YDa0Fd8pmzpAyu6EKOS,7DwcBgdzqhFJltEaV1XF81,2ODUTBkiOWoYSUjKpGJxQE,1UeEULIBhrFzy8WhI3FrMF,1ahVFh0ViDZr8LvkEVlq3B,6HAprTq1UjADYOSubbESga,03i4d2bfCxdk9ifcWDc3hB,67eX1ovaHyVPUinMHeUtIM,4sofJiicQwKsRo3S1vpt39,0Q5x5NQ2ub5SRd0YsaZWdL,3yOlyBJuViE2YSGn3nVE1K,23oxJmDc1V9uLUSmN2LIvx,7AzlLxHn24DxjgQX73F9fU,1v5J1L8FbUQya4SUQFCstk,0E8q2Fx2XuzXCO2NSAppkR
5,1,2,2,5,2,4,4,4,5,3,3,5,4,3,2,2,4,5,4,1,4,5,2,2,5,1,2,2,3,1,3,3,3,4,2,2,2,3,5,4,3,4,5,1VyA8mbSyXOdJx2lguR8Uu,06kxa3al7bUqRRo5nAFduZ,3PkvYP6223QO3xlW2THd1x,1kcYfi1mkfhnJYntYSi9gb,2kRFrWaLWiKq48YYVdGcm8,37f4ITSlgPX81ad2EvmVQr,0lHAMNU8RGiIObScrsRgmP,2FVv9vxJT2NOxKWFzZnvDI,02VBYrHfVwfEWXk5DXyf0T,6RbB7hfaezWMJlCDFdDS97,34gCuhDGsG4bRPIf9bb02f,4wCmqSrbyCgxEXROQE6vtV,3eDX2SnjVRG9hh0v074eEO,55q3Ro66yXWi9rsEddeEN4,4P8Y6OseKSKUgCi3TbLQ2b,0VE4kBnHJUgtMf0dy6DRmW,5JCoSi02qi3jJeHdZXMmR8,0VE4kBnHJUgtMf0dy6DRmW,5BArc3UpONi77FMkNT4LYU,2ctvdKmETyOzPb2GiJJT53
3,5,1,5,5,2,5,4,1,1,4,3,4,3,2,3,4,3,3,5,4,4,5,2,4,4,3,3,1,2,2,4,3,3,1,1,3,5,5,3,3,2,3,3,22vgEDb5hykfaTwLuskFGD,5CzixCxDkRXX9mScCmah8O,3EG9FJ0ToLfgnc1IG2Z1wz,2oUOH2tCU4kKpooynVfS36,4ZUpTMKPYFTfJqamWFU9Zv,281kNQmgirthnKNA5LHQSs,7kC97zPE0PxrcItXyGdk8P,2qxmye6gAegTMjLKEBoR3d,1vG6jMgSoqT3zG9tuDrL2E,5iRlgbAfme5SYmUPYnZs6y,3SeL7swDR70yI2pbBBIvT1,6nkcPGa0sr24NFCc5l5UjE,3jJ9djWzDlQnqDd7vTZs9K,2zUYg51Df8nLuymwI67mzk,5knuzwU65gJK7IF5yJsuaW,7umZiitjVsEjMQ6HNddpUI,0k1WUmIRnG3xU6fvvDVfRG,3sOGVdj5VPY6C2XImtlzj7,1mKXFLRA179hdOWQBwUk9e,6FvSS3Goz7OC8oCC2eWqe8
1,2,5,3,4,3,5,5,2,3,1,4,4,3,4,4,2,5,1,5,5,1,2,1,1,3,5,5,4,1,3,5,3,2,2,4,2,1,1,5,1,2,3,3,1FYNKilT1rDaWRtHFZjQ1L,0VCveHO3AX0OLRuTgpBKBJ,4vAHXnJ5YWLq5hbIVzZS1h,05ht6LtilQXryLlGAKH208,1uL78kFWxhz3umTMWJu8n5,0RUGuh2uSNFJpGMSsD1F5C,5Rn1DPzSzUktbhuNDDJocS,3RiPr603aXAoi4GHyXx0uy,7jk7gqyEonmVVYahZN5zhW,3kZC0ZmFWrEHdUCmUqlvgZ,3SdTKo2uVsxFblQjpScoHy,3sOGVdj5VPY6C2XImtlzj7,7vguMCv8uVuZLiQJ156u3Z,22mek4IiqubGD9ctzxc69s,2xXPVOKw75Ouju8Qu4SdIA,5FgPwJ7Nh2FVmIXviKl2VF,0PHm9MrfZdEUasfd1XC0n2,2NcstvY8H9PVQ0DMNGHckh,7712gjoih4QoDbXpljEk21,1LcxOZGMdAuScNbIN2Fvcq
1,3,5,1,5,2,1,1,1,1,5,3,3,4,3,3,3,5,5,3,4,3,2,5,2,3,4,2,5,1,4,1,5,3,5,4,5,4,5,5,1,5,2,1,4CwpuCZcK6Vym6BZd8Pgfe,4f3RDq9nYPBeR1yMSgnmBm,2fhOljbX79loRcdl47SFye,2YlZnw2ikdb837oKMKjBkW,1WFTbfjtW9DsL2txiNYKyK,6ePcfMCQ7uUKwAamUiVtXL,3C3cr2JQwXIhqAHqOardVO,7D49Iig0avHre9RFSUMkd2,3GXfmj8VI55reLE5aLl1sK,2R5iTxkCln6NLTw6l0kjWw,2ePtv8MlBO9nuuXABqAfEX,4ileLT7ldd2uX8bMemWqbm,1vf09n9QoDVWhBImRgQQyG,29EkMZmUNz1WsuzaMtVo1i,2BOqDYLOJBiMOXShCV1neZ,3W9jnJBPYeihwNSXsr65f9,67drO2cIvjeyPkTzVJ8cxd,6M2UnI1LnXuXlWU54CKmKx,3s6nfqfT6kyLBT10vs0M4l,3AzjcOeAmA57TIOr9zF1ZW
3,1,3,4,1,1,2,3,1,3,4,4,4,4,4,4,4,2,5,3,4,2,3,4,2,1,3,4,1,3,4,3,3,5,5,5,1,4,5,5,5,1,3,3,7pDHM9huHHpRc9CrxZElsW,6NSlOEEtWlqvEFrjQsry77,50kpGaPAhYJ3sGmk6vplg0,3ZiuxcBeRanTjfHzVBuuQe,3FeVmId7tL5YN8B7R3imoM,4sofJiicQwKsRo3S1vpt39,2nw99OdSVWFWzEdbYuoOer,1xyUCr7dIJYaUaaiDf4Q1L,1cOyWWUr3oXJIxY0AjJEx9,0YHI5hydPPth6J5UOzdLDX,0KKkJNfGyhkQ5aFogxQAPU,0DvhfhHlIE4HqgBX8yDJz3,4DMKwE2E2iYDKY01C335Uw,6FYfhKknpt05Om6YPcEYAg,2cEnKRR4dYBB2VA1mjlb1z,4kV4N9D1iKVxx1KLvtTpjS,6RRNNciQGZEXnqk8SQ9yv5,3e7sxremeOE3wTySiOhGiP,1OoPhcM78evXIxjmSzCnmf,1gV0hgMNdpSWeW7ZjSUKnX
1,5,5,1,1,4,3,1,4,5,3,3,3,3,3,5,4,4,2,5,5,5,5,1,2,2,5,1,2,5,3,1,5,4,5,2,2,5,1,3,3,1,4,2,0WSPIU3Y3bNXsGeKnzSnt1,2kRFrWaLWiKq48YYVdGcm8,6VrCmhRBFnuGKmtNfk4jDs,018Idkvf82hi44UZmIXiGB,63OC8cNa4ZnFB3bbvbWCOc,3NJzkMApQqAudLSgYb5Bz2,7pkpdj7AWQjujxxe38WF8f,5sVyefkGgQeYCgnqr4KslQ,0eLVt8CGVdNnyMcfP38kDi,3v9IFz7EikDfXXfvPVfH6B,15DeqWWQB4dcEWzJg15VrN,6MGRweoLPBAaPcXTMpMWsA,0y60itmpH0aPKsFiGxmtnh,6UelLqGlWMcVH1E5c4H7lY,4XNrMwGx1SqP01sqkGTDmo,6DXZiYUbrYgrVIhfX3U9Z2,1Ddj6nkhUP3lHpLvDqPsvC,1KxwZYyzWNyZSRyErj2ojT,7vguMCv8uVuZLiQJ156u3Z,5zFglKYiknIxks8geR8rcL
3,1,5,1,5,1,5,5,2,3,5,5,4,4,5,2,4,2,5,3,1,1,3,1,2,2,1,2,2,3,4,2,2,3,5,5,4,5,1,5,4,1,3,5,69Ej1xrGjOcHvIMtMKxK0G,3XgGQ1wjo5khvq2UImjyNF,7ueP5u2qkdZbIPN2YA6LR0,4RvWPyQ5RL0ao9LPZeSouE,5CzixCxDkRXX9mScCmah8O,55q3Ro66yXWi9rsEddeEN4,018Idkvf82hi44UZmIXiGB,5yFSF6qQA1rcLsQRnBsZgb,3qfyXBGSnBMWTBCmOYeSw6,6KLeHx8RVLxmjp7IhieSsH,7zMcNqs55Mxer82bvZFkpg,4iJyoBOLtHqaGxP12qzhQI,4j87e6euMOfqjz6Ge2eBnh,0MNRFOV4FnArjHK6Elx5uj,53IFc61cI1IS3gWbjiWC6Y,2gMXnyrvIjhVBUZwvLZDMP,50nfwKoDiSYg8zOCREWAm5,7Jh1bpe76CNTCgdgAdBw4Z,6alUOXeJ3T6vi8dkN8QSbi,4Oz6xl8qhJTdjYZeT98V4m
2,1,2,4,2,4,5,2,3,2,4,2,4,1,2,3,5,2,3,3,1,3,3,3,1,3,2,2,1,3,1,1,4,3,1,2,2,2,3,3,5,4,1,4,6iaQi9uPzHoXLMo5g490Bj,0OJN2A3Qyvd7pwSF0AIteC,6Vc5wAMmXdKIAM7WUoEb7N,3KyKxJ4P3pVCgaZwaq2rUC,3eJH2nAjvNXdmPfBkALiPZ,2WigMwGJysIh9fRnSJvpjn,4B0JvthVoAAuygILe3n4Bs,7KXVIAuw3m2hxZanrpSXS3,0umRfhrhFEz9jkEMTrUSkQ,4dIPtEnmudhZPD8MsAtzSK,1JOfPiurzjPm97nRGPkkpf,53UA5GvWOP4FFW6XrcRT4B,3ISiZ0GzocM9ssIwqRn1AW,251aCFbFK1f4Jkil96E5g1,6zyiL6tzDV2fUCIcTccymv,1OU4E4HiVjdak0mL4blVWT,4mRSbPLnOm54ttkTYvxxSY,6fNd6OkGoACwHtAnf2wslm,4Li2WHPkuyCdtmokzW2007,6jug6aln6W7JGPjUFVYG0g
1,3,1,2,5,3,4,2,2,3,4,3,1,1,1,4,1,5,2,3,4,2,3,4,5,5,5,1,5,2,1,4,3,1,3,3,4,5,2,3,1,3,1,5,00Mb3DuaIH1kjrwOku9CGU,0YH1xT3Z7wR6dZyaCwSziK,12auvGedCkbd6jiuspZXWS,0i0wnv9UoFdZ5MfuFGQzMy,1V27TTo9FI2sl8xzGr3sCg,2q4rjDy9WhaN3o9MvDbO21,4o3XxiQ9BljY4OU38zanC0,6fuA28tFxMmsx7bmB1bsw4,4jPy3l0RUwlUI9T5XHBW2m,4yRlTvPVfEyhXfp6GZurq9,6KgtcmCF9Ky68XC7ezxl3s,75skIb9VUwR5nyjFDcE1qQ,4wYgevsnMVdxtHTSjboCJ7,5c9qm0bMYawSyRNUTmUMs5,3bMNprrp2JDKZsGbiXpsJl,1BfR5GMOgW0peHkPxrwf11,1HvTxgCj0mTzQlEo0zLvFb,2MFFrpPKrGnyJuVjcfdm4w,6zSpb8dQRaw0M1dK8PBwQz,3d8y0t70g7hw2FOWl9Z4Fm
1,5,4,3,5,5,1,1,2,4,1,3,1,5,4,5,5,4,1,5,1,4,2,1,2,4,1,4,5,1,3,1,4,4,4,5,3,1,2,2,5,5,5,3,7fCbbPG8ClYyzKWy53N2jJ,2VZXxOYZy6nstzcUOlzBkK,7rNeFCvNVncKXbLtF7PiyE,1SgUjGzbmmMOsGFTVwQ59L,7j31rVgGX9Q2blT92VBEA0,2hTh8YWlfuk0kLIR9azBFR,1SyQ6t9RdRBK0QUCS6a797,11LmqTE2naFULdEP94AUBa,0peSmoFiYGaCkHibhLBGq2,5elW2CKSoqjYoJ32AGDxf1,0xfMlIW8lS40qvpsUw1l0X,2hTh8YWlfuk0kLIR9azBFR,5arVt2Wg0zbiWwAOZef2Nl,53QF56cjZA9RTuuMZDrSA6,6qJrmD6CXKWkWcsYwu9AV3,3B4etxytImrRKQgV3XHjnR,0CAfXk7DXMnon4gLudAp7J,7p3eluZv7dxIArpFUTBkia,2kFHjWko1il6O9L3eK9IzG,6jug6aln6W7JGPjUFVYG0g
2,5,4,4,5,1,3,3,5,4,4,4,1,4,4,2,2,4,2,1,1,4,2,3,4,1,4,2,2,4,4,1,2,2,5,1,5,3,5,2,2,4,3,5,1HvTxgCj0mTzQlEo0zLvFb,3sOEVB8DirQtZc0qhw8lJc,53BeSVY0mpmucCIr0pDkPp,2feIIHJqwgzeA228MRoeqf,3yLWsAll8jm0eTGiBIraNH,2rtGaCAeYtmcIvuZsvgTf6,6MpCaSIOfqBqbMED4kXgNY,6IBcOGPsniK3Pso1wHIhew,0B5kY9i9bmP7554oU4jRoO,5MHYkxRxkk3OUgdJHwm3rG,22UDw8rSfLbUsaAGTXQ4Z8,79EkGysjP2dL5GdpeQjRxT,2zh01m4PiHaZz4BAm0NRxs,12wSL3tGk3MtbDEhfG7xy3,66YtIqT0kN4958EXnCnAmE,1s8tP3jP4GZcyHDsjvw218,1AROE0XcC4ySCxXF65mutZ,2FRnf9qhLbvw8fu4IBXx78,53yTYusPQJ1AApL1hi0Dnc,6T3Ebo7EOh8cUOyE4OhFpp
2,1,1,3,2,5,1,2,2,2,4,4,5,5,4,3,3,3,4,1,3,5,3,5,5,4,3,2,1,1,3,5,1,4,1,1,4,1,4,2,1,5,2,5,2D4BSm5Z8Hq5zYbSgJwEOh,2XLAzm8bMDSI7MhbRW8nVj,5O9Dz0h08LuBi0aVvDcylh,0CokSRCu5hZgPxcZBaEzVE,31L9yLXSj6LpCFupyMV6CR,2nw99OdSVWFWzEdbYuoOer,69vToJ9BMbbLlFZo7k7A7B,3QGsuHI8jO1Rx4JWLUh9jd,0HqZX76SFLDz2aW8aiqi7G,0i0wnv9UoFdZ5MfuFGQzMy,7uoFMmxln0GPXQ0AcCBXRq,4LyIHEDbAWDeKV0JbVZae9,4UQMOPSUVJVicIQzjAcRRZ,7DwcBgdzqhFJltEaV1XF81,4YOH3cBrhf4F6T4iYFUdz5,00Mb3DuaIH1kjrwOku9CGU,7MPxEoT36YBCDbrk3ng85S,35YyxFpE0ZTOoqFx5bADW8,6KuHjfXHkfnIjdmcIvt9r0,4kbj5MwxO1bq9wjT5g9HaA
1,5,2,5,1,4,4,3,1,3,1,1,2,5,2,5,3,4,2,1,4,4,3,4,5,2,4,4,4,5,1,4,3,1,2,2,5,3,5,4,5,5,5,2,3GZD6HmiNUhxXYf8Gch723,3gFcGnU4kTdMYLXDjH1TK8,2wZTnl0pPFr3HBcyXfOaVJ,7pkpdj7AWQjujxxe38WF8f,03T4ttRCiLXST6MZjeMwmR,1c8gk2PeTE04A1pIDH9YMk,2WigMwGJysIh9fRnSJvpjn,0tgVpDi06FyKpA1z0VMD4v,0j2e7Gu19gy0ZqIOQyN4xj,7LQzcFpbtNplryRdZzQyUu,7gimI84M97UuHr5dygvJj5,5iCY0TXNImK4hyKfcplQsg,7HfS1TFqIaAO044jhCmNAl,6S2gYweMmT6xygVh5q3QLa,06kxa3al7bUqRRo5nAFduZ,43se543zfBNfAkIOqcaRd1,46Tqp6TCGO2vQZyztZy8Te,1Xjn9Zu78wswucVODzrPHA,6EtKlIQmGPB9SX8UjDJG5s,5mkoR8mVrEwpDQc9y54sM2
5,4,4,5,5,1,2,1,2,2,3,5,1,3,3,3,2,4,5,2,4,3,1,1,3,3,2,2,5,1,4,1,2,4,3,1,5,4,3,2,1,5,5,5,7IPldKTGN7pssmDl66DrMG,7bL7jrv7ZOlSotkWa7UNuR,0iA1unTbTbDOWUSlbwJ1pS,0PHm9MrfZdEUasfd1XC0n2,7JJmb5XwzOO8jgpou264Ml,1ckXxCiKGFaYmhe4BfBmfs,1VsGYaCBFjCVudtX9IGqDg,6IRdLKIyS4p7XNiP8r6rsx,2BcMwX1MPV6ZHP4tUT9uq6,1jcxDswcwde8Ffp1yvqSWY,7HXdou1NbLw8Ap7cPLezMZ,6tsojOQ5wHaIjKqIryLZK6,6HAprTq1UjADYOSubbESga,30FURVTCpbKyykjSEQzGkH,1SgUjGzbmmMOsGFTVwQ59L,1mMLMZYXkMueg65jRRWG1l,3I56OBwJkDAyt9L00c8ois,7uYIX9O9DY6l1D3HiwHR1J,3F5CgOj3wFlRv51JsHbxhe,6V9TlCdwLeQes4FX5zxz3f
3,2,2,5,4,4,4,3,3,2,2,5,3,2,4,4,2,1,5,1,3,5,1,3,2,1,1,4,3,1,4,2,2,5,2,4,1,2,2,1,5,4,4,2,0fX4oNGBWO3dSGUZcVdVV2,0QTUoI90fBFdKkd4h8fsOu,1rDQ4oMwGJI7B4tovsBOxc,73CKjW3vsUXRpy3NnX4H7F,3pQCSV6VC2RCcxbmcX2SRd,244MTwq70sWm8tfjWmu5wY,3S4px9f4lceWdKf0gWciFu,37BZB0z9T8Xu7U3e65qxFy,3BQHpFgAp4l80e1XslIjNI,0qxYx4F3vm1AOnfux6dDxP,4pNiE4LCVV74vfIBaUHm1b,51H2y6YrNNXcy3dfc3qSbA,1Etp6DlUsn2P5im8f7J9HP,0jPU39bL0SrCmYc1RwbFkX,6VrCmhRBFnuGKmtNfk4jDs,1pVYhtKQgofQVngXSnCVhI,1VsGYaCBFjCVudtX9IGqDg,4cGqn0E8JCSY9gQllQj4Mf,0bRXwKfigvpKZUurwqAlEh,1ZMiCix7XSAbfAJlEZWMCp
1,5,1,5,2,4,1,1,1,3,1,1,3,5,5,1,1,3,1,1,3,4,5,2,4,4,5,1,5,3,4,1,2,3,3,2,3,4,4,1,1,4,1,2,64BbK9SFKH2jk86U3dGj2P,7795WJLVKJoAyVoOtCWqXN,51H2y6YrNNXcy3dfc3qSbA,1dtx9AyVFLG001tZ6aNIAf,6tsojOQ5wHaIjKqIryLZK6,4Y9lVjRD82aJOQ2v13UIoF,70LcF31zb1H0PyJoS1Sx1r,7j31rVgGX9Q2blT92VBEA0,1ExfPZEiahqhLyajhybFeS,1r3qUIDhMvoTct7cxPnbdN,38GBNKZUhfBkk3oNlWzRYd,6hJEKNgikVrWuC3aQFs7Ak,5FgPwJ7Nh2FVmIXviKl2VF,6GBMbvX7sqyOxT5wWK4hgN,2WWfjbHALIb3e7FMcj9mr4,4RmMhIXDNqtZ9xDrUCpn5w,7yfg0Eer6UZZt5tZ1XdsWz,4Yf5bqU3NK4kNOypcrLYwU,1z6WOiWMdLgJsS79b6v3OJ,0HItcI6qN6Dr4MC3CZryQh
4,5,5,1,4,1,4,5,4,2,3,5,2,1,4,4,4,2,2,3,1,4,2,1,3,3,2,3,1,3,4,5,5,4,5,4,2,3,1,3,1,1,4,3,745H5CctFr12Mo7cqa1BMH,0QULNNd9z5s35entfiiXoa,161DnLWsx1i3u1JT05lzqU,4BxLKXQPlkmGwlZi064LH8,1nH2PkJL1XoUq8oE6tBZoU,135WMJorhiGvPe50XF54D9,1DIXPcTDzTj8ZMHt3PDt8p,5TRPicyLGbAF2LGBFbHGvO,4CEEBr79p52p9U7mkBfzUy,6jug6aln6W7JGPjUFVYG0g,5EdkHBTXHVXrLz1AkIMweE,5DHQKZCOZhGNTbYBCekWx0,21NeQgKhabORuZ3pfsPfz5,1xpErE9benTfjd8XJQu4Ll,7kUljt0NM5sISL3OGNVxYd,2fXwCWkh6YG5zU1IyvQrbs,3AzjcOeAmA57TIOr9zF1ZW,0r2Bul2NuCViraT2zX1l5j,5i7fZq3chLyCHo3VeB6goD,7GgWAITsYJaRM3r50rfh5w
5,5,2,5,2,3,5,4,4,1,2,4,2,4,2,5,3,2,2,5,5,4,4,3,5,4,5,2,1,3,3,3,5,5,1,2,4,3,3,5,3,4,4,2,7F1CiKqrY44kh5cDqwHOnx,0UQAkAVNk3tubJYlOHyG3q,10iN6NEt53FYsTpfxorgJj,2iL0W5qi0ivZ9WRXbZ74cS,4hPpVbbakQNv8YTHYaOJP4,1ju7EsSGvRybSNEsRvc7qY,4P8Y6OseKSKUgCi3TbLQ2b,7BbaIYAdi3pg4MGl6PHwPv,21YZVlxpUNaZ136Shhm7FE,7eQHxigpuDJjCG50JyzU8v,5wANPM4fQCJwkGd4rN57mH,3yLWsAll8jm0eTGiBIraNH,4kV4N9D1iKVxx1KLvtTpjS,0RoA7ObU6phWpqhlC9zH4Z,1gJA27xiMdENwoAVN7kMlo,407tDPFK5oB7hxSDl5Tg4O,18YRKiIZO4qDEc5Ik0Cry6,0DvhfhHlIE4HqgBX8yDJz3,2S8UMuLJ0z8agFgFGJ6Ztt,0lUdYoSr8Hm3GL0HZld4ac
5,1,2,5,4,1,3,4,5,5,1,1,5,3,4,1,5,5,2,3,1,1,4,3,1,5,4,5,3,4,4,4,4,4,4,1,1,3,4,5,4,2,5,4,4vAHXnJ5YWLq5hbIVzZS1h,0M2yk7rYsUQSQcRSAfhTHW,1fAE0TQ3xblvOgnmM7yL1s,0W6I02J9xcqK8MtSeosEXb,1fkjRQA8wXPPyxqYLbxuqy,2ekn2ttSfGqwhhate0LSR0,6TEftSkmWdTm1EpThnwqh6,2TDSUKV3rO5AmoIJVuEa1H,7iSB8ePMzIPWwV4AjClPzU,6C3yPXYG2NJYlIYVe5J7hv,2nG54Y4a3sH9YpfxMolOyi,5KONnBIQ9LqCxyeSPin26k,4oXg7xT4ksBxHTx8PcmSXw,5qfZRNjt2TkHEL12r3sDEU,14ZKDLMXidw9jrzWkK53tL,2bLqfJjuC5syrsgDsZfGmn,1jNuMTWsvFvPMwyJcb30FF,3uUuGVFu1V7jTQL60S1r8z,5jrdCoLpJSvHHorevXBATy,1VsGYaCBFjCVudtX9IGqDg
1,1,2,2,5,5,2,3,5,4,5,2,4,1,1,1,3,4,1,4,1,4,4,5,2,2,2,5,2,3,1,5,5,2,5,4,1,1,4,1,2,4,3,5,4eHbdreAnSOrDDsFfc4Fpm,57V4uc2b2diZ4RPHXWecb9,1gV0hgMNdpSWeW7ZjSUKnX,2TRuBFYZYw0Q7qIVBhqR1T,1oTo3ijRbaDAtrjJrGAPSw,50nfwKoDiSYg8zOCREWAm5,6MowG7MRVgPfGlCMsXKMJ2,3DamFFqW32WihKkTVlwTYQ,3Nyj8b7hky5EMf1RK8NdIy,3P3pw6C19j31Rnzgo3JG7o,4cluDES4hQEUhmXj6TXkSo,10iN6NEt53FYsTpfxorgJj,5uSFGgIfHMT3osrAd9n9ym,4lDHpM8kYUjVScfD8nfQ7A,6fNd6OkGoACwHtAnf2wslm,1qRgEKIeSrMcS62Ji4g8VT,0PKAijroHpnEtdY20bkGdr,4LyIHEDbAWDeKV0JbVZae9,5Xn4IyTtW6FUGIUyWjbUHG,1AHa2iLVTyjMisXwg0oMh1
1,1,4,5,3,5,2,3,5,4,4,2,2,5,4,2,4,5,5,2,5,3,3,3,3,5,4,1,1,4,1,1,3,1,5,3,4,5,2,1,4,1,2,5,7vGuf3Y35N4wmASOKLUVVU,4Y9lVjRD82aJOQ2v13UIoF,3PDCtl6qmB6qiDwvADJ9sF,1oOD1pV43cV9sHg97aBdLs,6dVu5dzp3EXOprSrtdu6e3,6S9tXDdMzrT8LEk1A8enKF,6wXgnhpmOPEJ7cUweSyy2B,3GZD6HmiNUhxXYf8Gch723,24iwskv8LDFMYRZ6Sr9iyw,0DYNL4xbYWgNzppUamtyR4,38GBNKZUhfBkk3oNlWzRYd,2PJhATOD9dWsevezmfjoMA,69XWcpV2x4YZWaCvstSRlK,2ctvdKmETyOzPb2GiJJT53,6Nle9hKrkL1wQpwNfEkxjh,4CdfFYzaAJ0y0beKzmgJSn,6TYlDTa9AQDvjqwbxlvFyI,2ODUTBkiOWoYSUjKpGJxQE,44aTAUBF0g6sMkMNE8I5kd,2ePtv8MlBO9nuuXABqAfEX
5,2,2,3,5,2,4,4,4,4,4,4,2,1,2,4,1,5,5,5,2,5,1,3,2,5,1,2,4,4,5,4,2,2,1,3,1,3,2,3,2,4,1,4,7KXjTSCq5nL1LoYtL7XAwS,7MPxEoT36YBCDbrk3ng85S,4rc2WNOt2w8BHfQjBC8PO0,7yfg0Eer6UZZt5tZ1XdsWz,069mlD5el7f9hcN4Wh4YXb,6KLeHx8RVLxmjp7IhieSsH,1F9kEuwT29fgqlovIclu81,5ihS6UUlyQAfmp48eSkxuQ,7f94wSEY5n0g6B716XTRSX,2gqWRRCXnma9L8xQ1RdemQ,7HW5WIw7ZgZORCzUxv5gW5,3JdcCb2kPBLPPYrroJAaZx,1s8tP3jP4GZcyHDsjvw218,4qu63nuBpdn0qHUHuObEj1,2fhgFd9pEvTUhyBacCrPOn,3CvMXAVFGmfq56tvUAa9ip,5lRzWDEe7UuedU2QPsFg0K,6kgQgyqTTqYS6Kzr1G4I79,3KyKxJ4P3pVCgaZwaq2rUC,4kvXDv7fE6P4p9lcLO8x6z
4,5,5,2,1,4,4,1,4,3,1,3,4,5,2,5,4,3,1,4,4,5,1,2,5,5,1,3,5,1,1,3,4,3,2,3,1,5,2,1,5,1,4,3,1IT0WQk5J8NsaeII8ktdlZ,6TbkMxKZudkP6Sty7rkLU9,064IIwM132KNra9uUjB3kk,6LOZws7T3jqZz78unPgFF9,6KgBpzTuTRPebChN0VTyzV,60ynsPSSKe6O3sfwRnIBRf,13P5rwmk2EsoFRIz9UCeh9,4cOdK2wGLETKBW3PvgPWqT,3s01d9z41qw037YXOPlQqd,2pIUpMhHL6L9Z5lnKxJJr9,0eLVt8CGVdNnyMcfP38kDi,0y60itmpH0aPKsFiGxmtnh,2Oycxb8QbPkpHTo8ZrmG0B,0XPsOSYzDJZJArevQNm2AR,0VCveHO3AX0OLRuTgpBKBJ,73CKjW3vsUXRpy3NnX4H7F,6RRNNciQGZEXnqk8SQ9yv5,4BxLKXQPlkmGwlZi064LH8,6SpLc7EXZIPpy0sVko0aoU,3ZFTkvIE7kyPt6Nu3PEa7V
2,2,1,3,1,2,1,5,5,3,3,4,2,3,3,5,3,2,2,1,5,3,3,5,5,4,3,3,5,2,2,5,2,4,5,4,2,5,5,1,2,4,2,4,1yTTMcUhL7rtz08Dsgb7Qb,03mMSLEJCPoGJwQhHpN5y0,0QIwoAemWa2xlBIhTBAVns,4osgfFTICMkcGbbigdsa53,0xEW9gPv5wNuS84pXGG3lc,6pM25DLzJb5oWj74d3ElXI,7ccI9cStQbQdystvc6TvxD,7KajXhT7csT80wZXs2skAp,0WSPIU3Y3bNXsGeKnzSnt1,0O6u0VJ46W86TxN9wgyqDj,7Fm3NhbAYHvTQUhboim9FB,4sofJiicQwKsRo3S1vpt39,1dytORtqcfaRkTqPyH2iQy,0bt3YJTupDqdTKpnFFgs7f,0EhpEsp4L0oRGM0vmeaN5e,3G0T9gfKq0Wo6ofdWAOEa5,6oEVnWKgPqIEPc53OYDNqG,1z1XegUChLLQfcbtIK8ABn,4dygMGhvfENVhwRXmAscbl,3G2O60rq5a77GEIwK1mVmh
5,5,4,4,2,1,1,4,3,5,2,3,4,2,1,2,5,5,5,4,1,4,5,1,4,5,5,2,4,1,3,4,4,2,2,2,4,5,2,5,1,2,3,4,6jRq8gaZhMUyy5RclRPcAf,57Cmwk9oZjTrFVrkBCmexZ,6XV9N5BDKIqN7orzSwFPLE,4rIv0uUnxs5hVZfe5t9SNs,3Kkjo3cT83cw09VJyrLNwX,2ajUl8lBLAXOXNpG4NEPMz,6ic8OlLUNEATToEFU3xmaH,4f3RDq9nYPBeR1yMSgnmBm,1jNuMTWsvFvPMwyJcb30FF,4lJNen4SMTIJMahALc3DcB,1AAWVRwxNvVaUWV0dMtx5g,1wq9VorVTLKL2pmRnfOJsk,3v96wJDPSdTYWEOgssfipO,13QIjo2iGBgl56mNDjJOet,6hW68oLu3zVoDw0GBwGKHs,2DpJ9T2RVRanZcYFHKOAfA,66gkXwXVgxeJc2EXiascni,6M31fPFCYB8Job3MCjjrDV,7qPYC9z7FSJIjDc3V2tBix,3WxmlTZ85sCYFnuIXmUAEe
2,4,2,4,5,3,2,3,3,5,2,4,2,5,4,2,1,5,4,3,3,4,1,2,4,4,3,4,1,2,2,2,3,5,3,5,2,2,3,5,2,2,1,1,2J3ajGI1sVj9wnqThJHwPS,2Z8GXdU7HJ17x2lJBnspJy,3Tc57t9l2O8FwQZtQOvPXK,1fkjRQA8wXPPyxqYLbxuqy,0XPsOSYzDJZJArevQNm2AR,7AzlLxHn24DxjgQX73F9fU,3rWDp9tBPQR9z6U5YyRSK4,0Ia40h12DvcbMey58pTCSt,4eHbdreAnSOrDDsFfc4Fpm,3iH29NcCxYgI5shlkZrUoB,1Ov37jtRQ2YNAe8HzfczkL,0OJN2A3Qyvd7pwSF0AIteC,2igbKtoBMXdYgYPkCpl0V4,0PKAijroHpnEtdY20bkGdr,0tMSssfxAL2oV8Vri0mFHE,1YUcTZ0ehoHY6G6Prhcbj0,6qyS9qBy0mEk3qYaH8mPss,3IUiA6msgyFl3f8kzbdgQP,5Az8KU81g2aLBbJN67F2CI,6dVu5dzp3EXOprSrtdu6e3
4,4,3,1,4,5,4,1,2,4,4,1,3,2,5,3,2,3,1,2,1,3,1,2,2,5,1,4,2,4,1,5,1,4,3,4,2,5,3,1,4,4,5,5,5AUMjaFnLEWzriTPTOEI56,3VTLP4RWJadq9PNUYFkVzp,6ATM1zRLGYYP72J9xwnL1L,3ZSU40Dx9UN1Lq1gFbjqQM,6xlOnm5MITIKtixzJW8R0j,4SlCYFaUQ8GRuwdpgniaGF,7DFawVSjI88xR9mjnWwURg,0VgkVdmE4gld66l8iyGjgx,03hqMhmCZiNKMSPmVabPLP,3Nyj8b7hky5EMf1RK8NdIy,7IPldKTGN7pssmDl66DrMG,3QCU8BT0zDS9LPVfEhRFEE,0h9fnCSnbUgOEgibnQByFv,1tNJrcVe6gwLEiZCtprs1u,3IvcWWehbBcBR4YZxlGM9R,3v96wJDPSdTYWEOgssfipO,5wQ22DdiU6MEDEfron2yMC,2R4AlwtrrkMaRKojcTIzmL,4kV4N9D1iKVxx1KLvtTpjS,2gqWRRCXnma9L8xQ1RdemQ
2,2,4,2,2,4,2,5,5,4,4,3,5,4,3,3,3,3,3,1,4,4,2,3,4,5,3,5,1,5,4,4,2,2,5,4,2,1,2,5,1,4,1,3,0lqciaIBAkfgtKezpD15KE,1Xi84slp6FryDSCbzq4UCD,5yDL13y5giogKs2fSNf7sj,1w327AHTCoChRIkJUprAnV,7rdUtXasA973gmrr2Xxh3E,27NovPIUIRrOZoCHxABJwK,1Y3C4SPejRXB6Rcuyp7WCk,1Xwh83YOFQARZ3QXscP123,1NrJYpdAi7uosDRPmSYrsG,2KnuaZYoGzDoHiBTNYOTXG,1ossvSyG2Z98nqBijLsDnF,4O4dhPrjcw7GSLNafNydmb,61Emqg95O9zo1GNOcyxq4Y,5uSFGgIfHMT3osrAd9n9ym,51Grh1RyUDcMBbpuyUIUHI,3NfxSdJnVdon1axzloJgba,4oorCW5bAFMnClImtdP9jS,2zUYg51Df8nLuymwI67mzk,1Xjn9Zu78wswucVODzrPHA,7snQQk1zcKl8gZ92AnueZW
5,3,2,5,4,2,5,4,1,4,4,1,2,5,4,2,3,1,3,3,1,4,4,2,2,5,2,4,3,2,3,3,4,4,2,4,5,4,4,1,2,2,3,4,6Z165JvPnS8PYvGW8oLGLc,3UXycXdtLSbUUCu4zYux6A,70nS3c1vqiP3CMAFUPPiCj,6MowG7MRVgPfGlCMsXKMJ2,4VQNCzfZ3MdHEwwErNXpBo,293mQGfVwgXIOdA1GpiwAt,0FTc7d89oQ0HpTYLjpPd3p,190jyVPHYjAqEaOGmMzdyk,2xa9PoO42d7VjT0KqG5d3I,2P4OICZRVAQcYAV2JReRfj,1FdbP9ZAcqQnOcda55boaL,6o6urrgOIVbIzzmO4KJHCO,5Ts1DYOuouQLgzTaisxWYh,07MDkzWARZaLEdKxo6yArG,5XX9oGZfgKMXdHnEp4t2JB,6Z8R6UsFuGXGtiIxiD8ISb,78oxa2tgl3Mx2PYmXOE3C8,0Jg602cHeMCnPez9baacIe,6wmAHw1szh5RCKSRjiXhPe,2jaNHcSRgPvtMXu5rboE7T
5,5,2,1,3,4,1,2,3,5,3,2,3,4,5,3,4,3,4,5,5,2,1,4,1,5,4,4,4,2,4,5,4,2,1,5,5,2,5,4,2,2,2,3,1udKn1oNKYQSQ9OmiIWCMu,4lszNcJSaz61QT6gpMhFU1,5BCYtpbTyUQSMRwDVPb5wk,5Nm9ERjJZ5oyfXZTECKmRt,4j87e6euMOfqjz6Ge2eBnh,3ZJBsQMWvesJ6w8UqalKVL,2GJ1xx5ZoeIJYbQKLSpoZ3,2rtGaCAeYtmcIvuZsvgTf6,0znCw9dSfsrBGUtxAzd9kD,0PDUDa38GO8lMxLCRc4lL1,0i0wnv9UoFdZ5MfuFGQzMy,6qCNaRRr5xJALfNJvh0NAw,3F5CgOj3wFlRv51JsHbxhe,4MdQkwmoI9lrUfHGD7wOzy,263aNAQCeFSWipk896byo6,08cXy6KUizaAelYXtcew3w,7pkpdj7AWQjujxxe38WF8f,30zjD8uAoLLckluGf0PNV6,6lanRgr6wXibZr8KgzXxBl,3td69vL9Py7Ai9wfXYnvji
1,1,2,5,1,2,2,2,3,4,5,2,1,1,5,5,5,5,2,3,3,1,2,5,5,2,4,5,4,5,3,2,5,3,3,1,1,5,2,3,4,3,2,1,3lzYrD0WcgGFiAFKkB2shE,3uqx1JmyAiuVk6YW0HSeAn,2JN3ugW1cEahbYw0I5mw5U,1zwMYTA5nlNjZxYrvBB2pV,41IShViF79gmulEkIHAjcb,1SgUjGzbmmMOsGFTVwQ59L,3G0T9gfKq0Wo6ofdWAOEa5,2CtemffYhT0DJWcT1XW047,6MGRweoLPBAaPcXTMpMWsA,1mea3bSkSGXuIRvnydlB5b,4w8niZpiMy6qz1mntFA5uM,6h9DYJpDXSZr8hIwkpTfvG,0xbcutEFLLnnVto6GysueX,5KONnBIQ9LqCxyeSPin26k,4cxMGhkinTocPSVVKWIw0d,294CLJ9yQQZ7fg9QB7ve16,1LmN9SSHISbtp9LoaR5ZVJ,6kxaaIeowajN7w21PfMLbu,3lsaCXY238dhR9GW9DEV5e,5AUMjaFnLEWzriTPTOEI56
2,1,1,2,3,5,5,2,2,1,5,4,1,2,2,2,1,2,4,2,3,1,1,5,5,1,4,4,3,2,5,2,4,3,4,2,4,5,4,4,3,5,2,4,0bMbDctzMmTyK2j74j3nF3,22vgEDb5hykfaTwLuskFGD,1KR9TkyhxqqpOk45WAm7bM,2M1mqcNUBIAfRoD2Puhejf,5TRPicyLGbAF2LGBFbHGvO,1Etp6DlUsn2P5im8f7J9HP,6i0V12jOa3mr6uu4WYhUBr,2iLxzvQjcEZdfuzEBz5IFL,3WhC3xpUHYSI6PKGFWsHfD,1xyUCr7dIJYaUaaiDf4Q1L,698eQRku24PIYPQPHItKlA,4IhKLu7Vk3j2TLmnFPl6To,0FfqyjhB6Kspvit1oOo7ax,6l8EbYRtQMgKOyc1gcDHF9,1gugDOSMREb34Xo0c1PlxM,40riOy7x9W7GXjyGp4pjAv,5knuzwU65gJK7IF5yJsuaW,03mMSLEJCPoGJwQhHpN5y0,3jZNflGgEt6sz0U3K1yJ3d,7DdXf9x75iEVCHWfoRwRuR
3,5,3,3,1,1,2,5,4,3,2,5,5,5,5,3,2,2,5,3,2,1,1,4,3,5,4,5,5,1,1,4,3,1,5,2,4,5,1,1,1,3,1,2,7yfg0Eer6UZZt5tZ1XdsWz,5mvKuE9Lf9ARVXVXA32kK9,2il9NDpW87Hk2L9AjeDf8r,4Oz6xl8qhJTdjYZeT98V4m,7DnAm9FOTWE3cUvso43HhI,6pM25DLzJb5oWj74d3ElXI,02WDuAXXKumemrvsmrVBvH,4UKCKdYiLN6IMA5ZESUTL7,1jNuMTWsvFvPMwyJcb30FF,0SuLAslEMFZAXf0SwY7syi,0BBaLX0AEwUCmsJyI5eJ6U,4IaizE26moyyMYn70TeFiX,3BvnlPEMgrNJwWqWOvZF2L,1F9kEuwT29fgqlovIclu81,6wJYhPfqk3KGhHRG76WzOh,6ocbgoVGwYJhOv1GgI9NsF,0HPD5WQqrq7wPWR7P7Dw1i,3l1DD2X1lomNhj6xO3ftcb,4tCtwWceOPWzenK2HAIJSb,3Kkjo3cT83cw09VJyrLNwX
3,1,3,4,2,2,2,2,4,1,5,4,2,5,4,4,2,2,2,4,2,3,4,2,5,1,1,3,1,5,2,2,2,3,1,4,2,4,3,4,5,5,2,4,0dPWSJHU24ecscpIB7DWxF,3aauaXWRgwCMoykMbI0Jq1,2x6kFL5AIIwacxHySO4mXP,2zUYg51Df8nLuymwI67mzk,1rnYNAJPAb586NhetosdNW,05SBRd4fXgn8FX7bf8BCAE,4OxXBAN51tjVBEjSwuWWbv,3g36KmRGI8hmnCcTFak4Wn,6fhG2KJgwO7CrNflRaRmvp,4XeIiGpUBshIfs9yrBDVZC,4TQOC2AhsD96oPxAC6NB6w,6IPwKM3fUUzlElbvKw2sKl,0Ipbnpn89nxSZQDb8wbeTc,1VuBmEauSZywQVtqbxNqka,2D4BSm5Z8Hq5zYbSgJwEOh,5WJU527RQNyMLuKecjsL8V,6L5oimyAoXuIb1GL10Oloh,2wenGTypSYHXl1sN1pNC7X,1mzGywacjpeik00PVLBPpF,33gwZOGJWEZ7dRWPqPxBEZ
1,4,4,1,2,4,1,2,2,4,1,4,5,3,4,2,1,1,4,1,1,5,3,3,1,3,2,5,4,2,3,3,3,1,1,2,5,2,4,5,5,3,5,5,0dEIca2nhcxDUV8C5QkPYb,7fCbbPG8ClYyzKWy53N2jJ,1WFTbfjtW9DsL2txiNYKyK,5LriwAnVbywAjj9oGi1Dno,1lHvN5tHUffp7gM9AzO0wO,0glkts20NpDPX8sZEQpctJ,0zK545STj6P7qbFSpCK9pp,7f94wSEY5n0g6B716XTRSX,79uIdKRooVQe3FVdXZhdrr,25EEQ20yrf2cexjaH99VGg,6s4GofGhKdeKJPFJuLGtBB,6qDn31ZnvqrPfEGsgvtMll,2wenGTypSYHXl1sN1pNC7X,3QGsuHI8jO1Rx4JWLUh9jd,3YRCqOhFifThpSRFJ1VWFM,0FUKMS00WmZEepxAeTR9gc,29d0nY7TzCoi22XBqDQkiP,67T6l4q3zVjC5nZZPXByU8,6lB0TyyXEDcZqT7bLQlZE6,0dLbrlAVPPjpPqnYfmJsWk
1,4,1,5,3,5,1,5,1,2,2,2,5,1,4,1,3,4,4,1,5,4,5,4,2,4,1,4,1,2,5,1,4,2,3,4,1,4,5,4,5,3,2,3,2Oycxb8QbPkpHTo8ZrmG0B,22mek4IiqubGD9ctzxc69s,3JlIWg991WM3tlg8aOXEnq,0XPsOSYzDJZJArevQNm2AR,0CokSRCu5hZgPxcZBaEzVE,5OUSPcqhYTOzpbXzoEvKim,1STzQvlMovhX8WOn8TcKmZ,2J3ajGI1sVj9wnqThJHwPS,5hnyJvgoWiQUYZttV4wXy6,7vguMCv8uVuZLiQJ156u3Z,20qtjUDcb8HH8ouF51BirQ,69uxyAqqPIsUyTO8txoP2M,6oEVnWKgPqIEPc53OYDNqG,696DnlkuDOXcMAnKlTgXXK,2k7EwI4qVUIcMyYbGyyeeX,6gdLyYNuhWBzqwlOFSsXC7,3RiPr603aXAoi4GHyXx0uy,6UVtKJ0vcvEbadZe4cR8z0,4B46HvJMaZj3UfogZo6ZyX,1HsSIPLTQT354yJcQGfEY3
4,1,2,1,1,1,3,5,2,5,4,3,2,1,4,2,5,2,5,4,3,3,5,4,2,4,4,4,2,1,1,2,2,1,5,1,5,4,1,5,5,1,5,4,4OKf7CcYuw5H2HptkcKxcP,2M260hGuB9VB32DJfL58Rz,2WfaOiMkCvy7F5fcp2zZ8L,0jkaVZIYepDPnB140eR1Uc,0lks2Kt9veMOFEAPN0fsqN,7mFj0LlWtEJaEigguaWqYh,0QQIhT6PtJ5glyn4HKNKQ6,7IBSffWIu7P2MC7kMwy2FM,6VbmeIWTbNHM5uqoW7GTE4,4Yxs4En3TdQY0oQswXJheQ,2ndnVdR8si7CW9T8vJRHyW,3JdcCb2kPBLPPYrroJAaZx,5vGLcdRuSbUhD8ScwsGSdA,296nXCOv97WJNRWzIBQnoj,0YH1xT3Z7wR6dZyaCwSziK,40XeGNGFchGYw7y0ue1GiG,2cYqizR4lgvp4Qu6IQ3qGN,5Qyu0SLOpSyn4yKercAsUc,39S2xu12I1IwMVqSvoORSh,7nAfXgeHfDO50upcOjJOaq
5,3,1,1,5,3,2,3,4,3,3,2,3,3,5,1,4,2,3,2,1,1,3,2,3,3,4,3,2,5,1,3,1,4,2,4,3,4,2,2,4,1,1,5,1o22EcqsCANhwYdaNOSdwS,0eFQWVz0qIxDOvhLpZ40P7,055360csWJbFFGCLNxaTkx,3g36KmRGI8hmnCcTFak4Wn,3UXycXdtLSbUUCu4zYux6A,7iDa6hUg2VgEL1o1HjmfBn,09u787BYeYIGd2mFIJ505t,06WUUNf7q18NZfjIsQFsfa,50nfwKoDiSYg8zOCREWAm5,7mbbGuqfaIIFHImIwu45Xi,668B40T2RrAu8s03GuKVrw,4a6q8CR2hzLk2plDkSxkfD,0K9q7Z82z3BygBWznLCqXL,1bjd4UgjnK5hedJJKmi3YP,2H1047e0oMSj10dgp7p2VG,5uSFGgIfHMT3osrAd9n9ym,6TEftSkmWdTm1EpThnwqh6,0q75NwOoFiARAVp4EXU4Bs,7eJMfftS33KTjuF7lTsMCx,2169IKAivSUUFGcedGASXc
4,4,4,4,2,3,5,5,4,4,3,5,5,3,5,5,5,1,4,3,5,4,1,3,2,2,3,5,4,3,2,5,4,4,1,2,1,2,4,1,5,4,3,1,4eMxLQtSdgxdA1Hs6D2YuN,3iH29NcCxYgI5shlkZrUoB,6ocbgoVGwYJhOv1GgI9NsF,6SpLc7EXZIPpy0sVko0aoU,2DgdHcjWmO3qd50RzuBLgZ,668B40T2RrAu8s03GuKVrw,3ISiZ0GzocM9ssIwqRn1AW,3aMUiKCIXJeurR5ppEMJZD,4Yxs4En3TdQY0oQswXJheQ,6S9tXDdMzrT8LEk1A8enKF,3s6nfqfT6kyLBT10vs0M4l,7ohROa13QK43JBRqfCmz4P,5OUSPcqhYTOzpbXzoEvKim,0mfSivZmglC3Hfn0NzssOY,4jPy3l0RUwlUI9T5XHBW2m,7xaaqSE7fcAjE6iAl0REBW,696DnlkuDOXcMAnKlTgXXK,0y60itmpH0aPKsFiGxmtnh,34f6sZPLPVsGwgBOrW3iLu,7eQHxigpuDJjCG50JyzU8v
2,3,1,3,3,3,5,3,4,3,2,4,2,3,2,5,3,5,2,4,3,5,1,3,2,5,2,1,5,2,4,1,4,1,3,4,4,5,3,2,2,5,3,1,2UN0lp72LAusrXi8LLVomt,3oQomOPRNQ5NVFUmLJHbAV,1LmN9SSHISbtp9LoaR5ZVJ,0ccwMrlZONy5yXrirq7lTe,2gqWRRCXnma9L8xQ1RdemQ,0PsbWiVtix5FoTZ1s00mEl,0PDUDa38GO8lMxLCRc4lL1,4IaizE26moyyMYn70TeFiX,3SeL7swDR70yI2pbBBIvT1,1YMBg7rOjxzbya0fPOYfNX,1hz7SRTGUNAtIQ46qiNv2p,0zLCBJZSiELJf02ucPP9wb,12sjKNSed91fDBZgxle2P2,5wQ22DdiU6MEDEfron2yMC,5sLAkwIPaO2pCRjgNFaBgv,5uCax9HTNlzGybIStD3vDh,3ebXMykcMXOcLeJ9xZ17XH,7mFj0LlWtEJaEigguaWqYh,5t3Vk8bRKylx4fjj7qlbib,3WMDX45ZcGeXnl3eCLsnm5
3,1,4,1,2,1,4,5,2,3,2,4,2,2,4,4,1,3,2,5,5,2,1,3,2,3,1,4,3,1,3,2,1,4,5,5,5,1,4,3,3,5,3,3,7snQQk1zcKl8gZ92AnueZW,5qfZRNjt2TkHEL12r3sDEU,1Y3C4SPejRXB6Rcuyp7WCk,48oN0dm8zwleoUvuLBqIOp,5CzixCxDkRXX9mScCmah8O,18uwL0vNUanqZH0ro2QcOP,1w327AHTCoChRIkJUprAnV,0dEIca2nhcxDUV8C5QkPYb,7pnQ23WgZca9jEfMts9qsR,6cXrFTx5N4IM5tVffUwzGI,40YcuQysJ0KlGQTeGUosTC,1WFTbfjtW9DsL2txiNYKyK,2169IKAivSUUFGcedGASXc,0MNRFOV4FnArjHK6Elx5uj,7bL7jrv7ZOlSotkWa7UNuR,6qBSGvyUzqNQv8XtnzCr9n,2hnhNNo5Rk65UX8GIlhsAM,0QGwOFQChzflLAmPq5NwKo,2UN0lp72LAusrXi8LLVomt,13XSShK29xCrxun0oYWMxD
3,5,1,1,3,4,1,5,2,2,5,5,5,1,2,4,5,4,4,3,3,4,3,4,3,1,2,3,3,1,2,4,4,1,5,1,5,4,3,1,3,5,1,2,0W6I02J9xcqK8MtSeosEXb,75skIb9VUwR5nyjFDcE1qQ,53NdGSkWOWlUxgiIiIWRGs,2SLwbpExuoBDZBpjfefCtV,6QeYSvYqYUsfBzsApbjDHO,3VTLP4RWJadq9PNUYFkVzp,02bJ6uGeHKfNOhIc9qyA8e,39vrbjCMTRXEdiIr2IsBgd,1rDQ4oMwGJI7B4tovsBOxc,0Q5x5NQ2ub5SRd0YsaZWdL,6CN7FuZ7o1xle9TNxApGeQ,6Hu6dzwlvoyg3zBUC8k4BK,4BxLKXQPlkmGwlZi064LH8,5fOjFkFA0k5MTOo1LmnVTO,7qEHsqek33rTcFNT9PFqLf,0FDzzruyVECATHXKHFs9eJ,2j5hsQvApottzvTn4pFJWF,6TbkMxKZudkP6Sty7rkLU9,5SOA0gaKMMp9cgwn3nuwk7,5LriwAnVbywAjj9oGi1Dno
1,5,3,5,3,1,2,5,3,5,4,4,2,5,3,3,1,5,4,4,2,4,3,3,1,5,5,2,4,1,1,2,4,4,4,5,4,3,3,3,3,3,2,2,2eKYRRrNhXXr7SSzE3X99F,5BArc3UpONi77FMkNT4LYU,2jnOUdpaFKr9koG1Vtbj6v,39sN48Q2DIbyVK8i8kkqgF,1DIXPcTDzTj8ZMHt3PDt8p,7BbaIYAdi3pg4MGl6PHwPv,6KR9NaynH8bF9w727wKQBL,4IaizE26moyyMYn70TeFiX,2J3ajGI1sVj9wnqThJHwPS,4CkgMiMqZ5JzW9iYXSTMTL,42GP0xKtkolBnmqQRvSllO,2JN3ugW1cEahbYw0I5mw5U,4SXcG6Ti32myNw9GJ9qeDt,799ZJmqIOCy589IzlTZ0Wy,7fCbbPG8ClYyzKWy53N2jJ,1y4eb6hmAvsqlDOl3fx9kk,0lsRatBUs9HNIZAmoGABzk,4ToYlykhwpW98KtMIGnWQK,799ZJmqIOCy589IzlTZ0Wy,0fVDu1evgjX9CFD0cmuRrM
3,1,5,5,1,4,1,5,3,4,2,1,3,3,1,1,5,3,3,1,5,5,2,5,4,2,2,4,3,5,1,2,5,5,2,4,4,4,3,3,1,2,3,2,1gJA27xiMdENwoAVN7kMlo,2H8X6O7avO1d8LKKhu8I1t,0SuLAslEMFZAXf0SwY7syi,18asYwWugKjjsihZ0YvRxO,5MAK1nd8R6PWnle1Q1WJvh,76hfruVvmfQbw0eYn1nmeC,2d48mamATjby7wgPjdrSOQ,2ZTYlnhhV1UAReg7wIGolx,2RSHsoi04658QL5xgQVov3,1ffKh2d1EzZlvuvVj2xpI9,3JP7KdSVvcX3mTfitBp2Ec,55q3Ro66yXWi9rsEddeEN4,5i7fZq3chLyCHo3VeB6goD,37ZJ0p5Jm13JPevGcx4SkF,0QIwoAemWa2xlBIhTBAVns,4ka1FkKAMde6dQAFFMXKac,2idmlkd8oUaQvYEtINpLBX,6alUOXeJ3T6vi8dkN8QSbi,7l5GAw0cglUUnN7bKAz5ab,6Pgmqg15yVexuOgtzuxwoX
5,2,3,1,1,5,5,4,4,5,2,4,3,5,2,5,5,5,1,3,3,5,5,3,3,5,1,2,1,5,3,5,5,3,4,2,2,3,5,2,5,1,5,5,1BwhFXqoIsePt21WyWIttb,3PTMcrpi5tbHzc8xxOZ8lG,4MAxWahEbzU8m4bD6mSZg9,6U8VHaQxzECez4TSt0nmiP,0wicJTv0Jv3xLp37FLb8Eh,0eLVt8CGVdNnyMcfP38kDi,3RmKpob8xzv1pzHEQrMJah,5dqMzg1wcwoiSsNbJIH3e6,24iwskv8LDFMYRZ6Sr9iyw,4HlFJV71xXKIGcU3kRyttv,6h9DYJpDXSZr8hIwkpTfvG,7nAfXgeHfDO50upcOjJOaq,2tijppLc0gaWA2AfPDANvq,5rAUZy2eDdegBxUVYxePK2,0QfppqtzzFYz9GCQJPNlot,12KUFSHFgT0XCoiSlvdQi4,064IIwM132KNra9uUjB3kk,5t3Vk8bRKylx4fjj7qlbib,73SpzrcaHk0RQPFP73vqVR,03hqMhmCZiNKMSPmVabPLP
4,3,3,1,3,4,1,5,4,2,5,1,4,1,5,1,3,4,1,4,2,1,2,5,4,5,2,4,4,4,3,3,1,1,2,4,5,1,4,1,1,5,4,1,6zSpb8dQRaw0M1dK8PBwQz,0n2pjCIMKwHSXoYfEbYMfX,2bL2gyO6kBdLkNSkxXNh6x,7aQjPecQdIuNd1sz3KCDhD,7pT6WSg4PCt4mr5ZFyUfsF,3BQHpFgAp4l80e1XslIjNI,5HQVUIKwCEXpe7JIHyY734,1H7gMYGykdtwZOV6s1N0by,1jNuMTWsvFvPMwyJcb30FF,2azSWx28rTlD4Di9cbGwQT,2ajUl8lBLAXOXNpG4NEPMz,0TD0ydYJuFPEaqshquDEpw,5vTtANNlQK5UhwfooDek5y,0VE4kBnHJUgtMf0dy6DRmW,69uxyAqqPIsUyTO8txoP2M,5SOA0gaKMMp9cgwn3nuwk7,0CAfXk7DXMnon4gLudAp7J,0FzEq5yepkq03NI8axcOBu,6gBFPUFcJLzWGx4lenP6h2,04aAxqtGp5pv12UXAg4pkq
3,4,4,5,5,5,4,5,3,2,1,1,3,5,3,4,2,3,5,5,5,5,2,3,5,5,3,1,4,1,2,1,3,1,2,2,3,4,4,4,1,4,2,4,03i4d2bfCxdk9ifcWDc3hB,7DKS0rX27cCEPsK0R6tFWS,39sN48Q2DIbyVK8i8kkqgF,7IBSffWIu7P2MC7kMwy2FM,1SC5rEoYDGUK4NfG82494W,6M31fPFCYB8Job3MCjjrDV,5jsw9uXEGuKyJzs0boZ1bT,5xYwXcbCwdmLeOweJtJhEx,3P3pw6C19j31Rnzgo3JG7o,32N3bQcpqADdTGKTHBq5px,0AOmbw8AwDnwXhHC3OhdVB,6akwM3md7dzP2LkK8pKk6d,0HPD5WQqrq7wPWR7P7Dw1i,0ZNU020wNYvgW84iljPkPP,3PDCtl6qmB6qiDwvADJ9sF,3BrWLBC4WYx393yRUOlTih,6hkOqJ5mE093AQf2lbZnsG,07XaOyTS5hyaWiUK1Bc3bR,17tDv8WA8IhqE8qzuQn707,5uSFGgIfHMT3osrAd9n9ym
